Dataset,Framework,Modality,Input Channels,Patch size,Training spacing,Train cases,Test cases,Category-EN,Category-CN,Dice nnunet,Dice base,Dice large,Dice huge,Dice base_ft,Dice large_ft,Dice huge_ft
Task001_BrainTumour,nnunet_v1,"FLAIR MRI,T1 weighted MRI,T1Gd MRI,T2 weighted MRI",4,"[128, 128, 128]","[1.0, 1.0, 1.0]",387,97,"{'0': 'background', '1': 'Edema', '2': 'Non-enhancing tumor', '3': 'Enhancing tumor'}","{'0': '背景', '1': '水肿', '2': '非强化肿瘤', '3': '强化肿瘤'}",0.7334,0.726,0.7303,0.7309,0.73,0.7362,0.7362
Task002_Heart,nnunet_v1,MRI,1,"[80, 192, 160]","[1.3700000047683716, 1.25, 1.25]",16,4,"{'0': 'background', '1': 'Left atrium'}","{'0': '背景', '1': '左心房'}",0.939,0.9379,0.9382,0.9382,0.9397,0.9397,0.9387
Task003_Liver,nnunet_v1,CT,1,"[128, 128, 128]","[1.0, 0.767578125, 0.767578125]",104,27,"{'0': 'background', '1': 'Liver', '2': 'Liver tumor'}","{'0': '背景', '1': '肝', '2': '肝肿瘤'}",0.8338,0.8238,0.8399,0.8401,0.8501,0.8423,0.8491
Task004_Hippocampus,nnunet_v1,MRI,1,"[40, 56, 40]","[1.0, 1.0, 1.0]",208,52,"{'0': 'background', '1': 'Anterior hippocampus', '2': 'Posterior hippocampus'}","{'0': '背景', '1': '海马前部', '2': '海马后部'}",0.8923,0.8892,0.8919,0.8935,0.8896,0.8913,0.8919
Task005_Prostate,nnunet_v1,"T2 MRI,ADC MRI",2,"[20, 320, 256]","[3.5999999046325684, 0.625, 0.625]",25,7,"{'0': 'background', '1': 'Prostate peripheral zone', '2': 'Vertebrae T9'}","{'0': '背景', '1': '前列腺外周带', '2': '胸椎T9'}",0.814,0.7852,0.8004,0.796,0.8112,0.8161,0.8153
Task006_Lung,nnunet_v1,CT,1,"[80, 192, 160]","[1.244979977607727, 0.78515625, 0.78515625]",50,13,"{'0': 'background', '1': 'Lung cancer'}","{'0': '背景', '1': '肺癌'}",0.7132,0.7003,0.625,0.6197,0.7343,0.704,0.7259
Task007_Pancreas,nnunet_v1,CT,1,"[40, 224, 224]","[2.5, 0.8027340173721313, 0.8027340173721313]",224,57,"{'0': 'background', '1': 'Pancreas', '2': 'Pancreatic tumor mass'}","{'0': '背景', '1': '胰腺', '2': '胰腺肿瘤块'}",0.647,0.6607,0.6641,0.6629,0.6791,0.6746,0.6839
Task008_HepaticVessel,nnunet_v1,CT,1,"[64, 192, 192]","[1.5, 0.7988280057907104, 0.7988280057907104]",242,61,"{'0': 'background', '1': 'Hepatic vessels', '2': 'Liver tumor'}","{'0': '背景', '1': '肝血管', '2': '肝肿瘤'}",0.6988,0.7075,0.7079,0.7123,0.7047,0.7083,0.7137
Task009_Spleen,nnunet_v1,CT,1,"[64, 192, 160]","[1.6000100374221802, 0.7929689884185791, 0.7929689884185791]",32,9,"{'0': 'background', '1': 'Spleen'}","{'0': '背景', '1': '脾脏'}",0.9553,0.964,0.9514,0.8759,0.9681,0.969,0.969
Task010_Colon,nnunet_v1,CT,1,"[56, 192, 160]","[3.0, 0.78125, 0.78125]",100,26,"{'0': 'background', '1': 'Colon cancer primaries'}","{'0': '背景', '1': '结肠癌原发灶'}",0.4688,0.4433,0.4634,0.4136,0.4837,0.5163,0.4999
Task011_BTCV,nnunet_v1,CT,1,"[48, 192, 192]","[3.0, 0.7578124403953552, 0.7578124403953552]",24,6,"{'0': 'background', '1': 'Spleen', '2': 'Right kidney', '3': 'Left kidney', '4': 'Gallbladder', '5': 'Esophagus', '6': 'Liver', '7': 'Stomach', '8': 'Aorta', '9': 'Inferior vena cava', '10': 'Portal and splenic veins', '11': 'Pancreas', '12': 'Right adrenal gland', '13': 'Left adrenal gland'}","{'0': '背景', '1': '脾脏', '2': '右肾', '3': '左肾', '4': '胆囊', '5': '食管', '6': '肝', '7': '胃', '8': '主动脉', '9': '下腔静脉', '10': '门静脉和脾静脉', '11': '胰腺', '12': '右肾上腺', '13': '左肾上腺'}",0.8424,0.8425,0.845,0.8504,0.8504,0.862,0.8584
Task012_BTCV_Cervix,nnunet_v1,CT,1,"[64, 192, 160]","[2.5, 0.9765625, 0.9765625]",24,6,"{'0': 'background', '1': 'Bladder', '2': 'Uterus', '3': 'Rectum', '4': ' small bowel'}","{'0': '背景', '1': '膀胱', '2': '子宫', '3': '直肠', '4': '背景'}",0.6881,0.6718,0.6667,0.6689,0.7125,0.7116,0.7227
Task013_ACDC,nnunet_v1,MRI,1,"[20, 256, 224]","[5.0, 1.5625, 1.5625]",160,40,"{'0': 'background', '1': 'Right ventricle', '2': 'Myocardium', '3': 'Left ventricular myocardium'}","{'0': '背景', '1': '右心室', '2': '心肌', '3': '左心室心肌'}",0.9226,0.9206,0.9269,0.9266,0.9255,0.9279,0.9281
Task019_BraTS21,nnunet_v1,"T1 MRI,T1ce MRI,T2 MRI,FLAIR MRI",4,"[128, 128, 128]","[1.0, 1.0, 1.0]",1000,251,"{'0': 'background', '1': 'Edema', '2': 'Non-enhancing tumor', '3': 'Enhancing tumor'}","{'0': '背景', '1': '水肿', '2': '非强化肿瘤', '3': '强化肿瘤'}",0.8455,0.8463,0.8471,0.8482,0.8457,0.8497,0.8507
Task020_AbdomenCT1K,nnunet_v1,CT,1,"[96, 160, 160]","[0.800000011920929, 0.7910159826278687, 0.7910159826278687]",800,200,"{'0': 'background', '1': 'Liver', '2': 'Kidney', '3': 'Spleen', '4': 'Pancreas'}","{'0': '背景', '1': '肝', '2': '肾', '3': '脾脏', '4': '胰腺'}",0.9528,0.9534,0.9554,0.9539,0.9526,0.9557,0.9562
Task021_KiTS2021,nnunet_v1,CT,1,"[128, 128, 128]","[0.78126, 0.78125, 0.78125]",240,60,"{'0': 'background', '1': 'Kidney', '2': 'Kidney tumor', '3': 'Kidney cyst'}","{'0': '背景', '1': '肾', '2': '肾肿瘤', '3': '肾囊肿'}",0.7544,0.7322,0.7476,0.7655,0.7707,0.7791,0.7891
Task023_FLARE22,nnunet_v1,CT,1,"[40, 224, 192]","[2.5, 0.7939454913139343, 0.7939454913139343]",56,14,"{'0': 'background', '1': 'Liver', '2': 'Right kidney', '3': 'Spleen', '4': 'Pancreas', '5': 'Aorta', '6': 'Inferior vena cava', '7': 'Right adrenal gland', '8': 'Left adrenal gland', '9': 'Gallbladder', '10': 'Esophagus', '11': 'Stomach', '12': 'Duodenum', '13': 'Left kidney'}","{'0': '背景', '1': '肝', '2': '右肾', '3': '脾脏', '4': '胰腺', '5': '主动脉', '6': '下腔静脉', '7': '右肾上腺', '8': '左肾上腺', '9': '胆囊', '10': '食管', '11': '胃', '12': '十二指肠', '13': '左肾'}",0.8621,0.87,0.8776,0.8748,0.8752,0.8807,0.891
Task029_LITS,nnunet_v1,CT,1,"[128, 128, 128]","[1.0, 0.767578125, 0.767578125]",104,27,"{'0': 'background', '1': 'Liver', '2': 'Liver tumor'}","{'0': '背景', '1': '肝', '2': '肝肿瘤'}",0.8284,0.8296,0.8462,0.8457,0.8506,0.8596,0.8474
Task034_Instance22,nnunet_v1,CT,1,"[16, 320, 320]","[4.999972629547119, 0.45250000059604645, 0.45250000059604645]",80,20,"{'0': 'background', '1': 'Intracranial hemorrhage'}","{'0': '背景', '1': '颅内出血'}",0.6749,0.6861,0.6953,0.6955,0.6755,0.6996,0.7027
Task036_KiPA22,nnunet_v1,CT,1,"[160, 128, 112]","[0.6328129768371582, 0.6328129768371582, 0.6328129768371582]",56,14,"{'0': 'background', '1': 'Renal vein', '2': 'Kidney', '3': 'Renal artery', '4': 'Kidney tumor'}","{'0': '背景', '1': '肾静脉', '2': '肾', '3': '肾动脉', '4': '肾肿瘤'}",0.901,0.9004,0.9016,0.9,0.9031,0.9029,0.9043
Task037_CHAOS_Task_3_5_Variant1,nnunet_v1,"MRI,MRI",2,"[32, 192, 256]","[7.529999828338624, 1.62109375, 1.62109375]",32,8,"{'0': 'background', '1': 'Liver', '2': 'Right kidney', '3': 'Left kidney', '4': 'Spleen'}","{'0': '背景', '1': '肝', '2': '右肾', '3': '左肾', '4': '脾脏'}",0.8619,0.8474,0.8629,0.8588,0.8708,0.8727,0.8744
Task039_Parse22,nnunet_v1,CT,1,"[96, 160, 160]","[1.0, 0.654296875, 0.654296875]",80,20,"{'0': 'background', '1': 'Pulmonary artery'}","{'0': '背景', '1': '肺动脉'}",0.8695,0.8691,0.8663,0.8661,0.8692,0.8687,0.8681
Task040_ATM22,nnunet_v1,CT,1,"[128, 160, 112]","[0.78125, 0.5, 0.78125]",240,60,"{'0': 'background', '1': 'Airway'}","{'0': '背景', '1': '气道'}",0.9108,0.9108,0.911,0.9116,0.9148,0.9178,0.9174
Task041_ISLES2022,nnunet_v1,"ADC MRI,DWI MRI",2,"[80, 96, 80]","[2.0, 2.0, 2.0]",200,50,"{'0': 'background', '1': 'Ischemic stroke'}","{'0': '背景', '1': '缺血性中风'}",0.7836,0.7802,0.7919,0.7929,0.7866,0.7878,0.7898
Task044_CrossMoDA23,nnunet_v1,MRI,1,"[32, 256, 224]","[1.5, 0.625, 0.625]",181,46,"{'0': 'background', '1': 'Intra vestibular schwannoma', '2': 'Extra vestibular schwannoma', '3': 'Cochlea'}","{'0': '背景', '1': '内位前庭神经瘤', '2': '额外位前庭神经瘤', '3': '耳蜗'}",0.796,0.7934,0.7945,0.7915,0.7966,0.7955,0.7987
Task044_KiTS23,nnunet_v1,CT,1,"[128, 128, 128]","[1.0, 0.78125, 0.78125]",391,98,"{'0': 'background', '1': 'Kidney', '2': 'Kidney tumor', '3': 'Kidney cyst'}","{'0': '背景', '1': '肾', '2': '肾肿瘤', '3': '肾囊肿'}",0.7545,0.7591,0.7554,0.7576,0.7704,0.7905,0.7983
Task050_LAScarQS22_task1,nnunet_v1,LGE MRI,1,"[20, 288, 288]","[2.5, 0.625, 0.625]",48,12,"{'0': 'background', '1': 'Left atrial scar', '2': 'Left atrium'}","{'0': '背景', '1': '左心房疤痕', '2': '左心房'}",0.7155,0.7194,0.7104,0.713,0.7274,0.716,0.7144
Task051_AMOS_CT,nnunet_v1,CT,1,"[64, 160, 160]","[2.0, 0.6845703125, 0.6845703125]",240,60,"{'0': 'background', '1': 'Spleen', '10': 'Pancreas', '11': 'Right adrenal gland', '12': 'Left adrenal gland', '13': 'Duodenum', '14': 'Bladder', '15': 'Prostate/Uterus', '2': 'Right kidney', '3': 'Left kidney', '4': 'Gallbladder', '5': 'Esophagus', '6': 'Liver', '7': 'Stomach', '8': 'Aorta', '9': 'Postcaval vein'}","{'0': '背景', '1': '脾脏', '10': '胰腺', '11': '右肾上腺', '12': '左肾上腺', '13': '十二指肠', '14': '膀胱', '15': '前列腺/子宫', '2': '右肾', '3': '左肾', '4': '胆囊', '5': '食管', '6': '肝', '7': '胃', '8': '主动脉', '9': '后腔静脉'}",0.9012,0.8995,0.9069,0.9048,0.9033,0.9085,0.9124
Task051_LAScarQS22_task2,nnunet_v1,LGE MRI,1,"[40, 256, 224]","[1.0, 0.625, 0.625]",104,26,"{'0': 'background', '1': 'Left atrium'}","{'0': '背景', '1': '左心房'}",0.9176,0.9201,0.9204,0.9208,0.9202,0.9209,0.9206
Task052_AMOS_MR,nnunet_v1,MRI,1,"[48, 160, 224]","[3.0, 1.1875, 1.1875]",48,12,"{'0': 'background', '1': 'Spleen', '10': 'Pancreas', '11': 'Right adrenal gland', '12': 'Left adrenal gland', '13': 'Duodenum', '14': 'Bladder', '15': 'Prostate/Uterus', '2': 'Right kidney', '3': 'Left kidney', '4': 'Gallbladder', '5': 'Esophagus', '6': 'Liver', '7': 'Stomach', '8': 'Aorta', '9': 'Postcaval vein'}","{'0': '背景', '1': '脾脏', '10': '胰腺', '11': '右肾上腺', '12': '左肾上腺', '13': '十二指肠', '14': '膀胱', '15': '前列腺/子宫', '2': '右肾', '3': '左肾', '4': '胆囊', '5': '食管', '6': '肝', '7': '胃', '8': '主动脉', '9': '后腔静脉'}",0.8754,0.8695,0.8719,0.8738,0.8763,0.8813,0.8812
Task053_AMOS_Task2,nnunet_v1,MRI,1,"[64, 160, 160]","[2.0, 0.712890625, 0.712890625]",288,72,"{'0': 'background', '1': 'Spleen', '10': 'Pancreas', '11': 'Right adrenal gland', '12': 'Left adrenal gland', '13': 'Duodenum', '14': 'Bladder', '15': 'Prostate/Uterus', '2': 'Right kidney', '3': 'Left kidney', '4': 'Gallbladder', '5': 'Esophagus', '6': 'Liver', '7': 'Stomach', '8': 'Aorta', '9': 'Postcaval vein'}","{'0': '背景', '1': '脾脏', '10': '胰腺', '11': '右肾上腺', '12': '左肾上腺', '13': '十二指肠', '14': '膀胱', '15': '前列腺/子宫', '2': '右肾', '3': '左肾', '4': '胆囊', '5': '食管', '6': '肝', '7': '胃', '8': '主动脉', '9': '后腔静脉'}",0.8956,0.8989,0.9037,0.9025,0.8978,0.906,0.9064
Task083_VerSe2020,nnunet_v1,CT,1,"[160, 112, 112]","[1.0, 0.93359375, 1.0]",280,71,"{'0': 'background', '1': 'Vertebrae C1', '10': 'Vertebrae T2', '11': 'Vertebrae T3', '12': 'Vertebrae T4', '13': 'Vertebrae T5', '14': 'Vertebrae T6', '15': 'Vertebrae T7', '16': 'Vertebrae T8', '17': 'Vertebrae T10', '18': 'Vertebrae T11', '19': 'Vertebrae T12', '2': 'Vertebrae C2', '20': 'Vertebrae L1', '21': 'Vertebrae L2', '22': 'Vertebrae L3', '23': 'Vertebrae L4', '24': 'Vertebrae L5', '25': 'Vertebrae L6', '26': 'Sacrum', '27': 'cocygis', '28': 'T13', '3': 'Vertebrae C3', '4': 'Vertebrae C4', '5': 'Vertebrae C5', '6': 'Vertebrae C6', '7': 'Vertebrae C7', '8': 'Vertebrae T1', '9': 'Vertebrae T13'}","{'0': '背景', '1': '颈椎C1', '10': '胸椎T2', '11': '胸椎T3', '12': '胸椎T4', '13': '胸椎T5', '14': '胸椎T6', '15': '胸椎T7', '16': '胸椎T8', '17': '胸椎T10', '18': '胸椎T11', '19': '胸椎T12', '2': '颈椎C2', '20': '腰椎L1', '21': '腰椎L2', '22': '腰椎L3', '23': '腰椎L4', '24': '腰椎L5', '25': '腰椎L6', '26': '骶骨', '27': '背景', '28': '背景', '3': '颈椎C3', '4': '颈椎C4', '5': '颈椎C5', '6': '颈椎C6', '7': '颈椎C7', '8': '胸椎T1', '9': '胸椎T13'}",0.7198,0.747,0.7458,0.7438,0.7467,0.7596,0.758
Task103_ADAM2020,nnunet_v1,TOF MRI,1,"[56, 224, 192]","[0.5000004172325134, 0.3571428656578064, 0.3571428656578064]",90,23,"{'0': 'background', '1': 'Brain aneurysm', '2': 'Treated aneurysm'}","{'0': '背景', '1': '动脉瘤', '2': '愈后动脉瘤'}",0.5064,0.56,0.6118,0.5927,0.6524,0.6883,0.6702
Task104_Colorectal_Liver_Metastases,nnunet_v1,CT,1,"[64, 192, 192]","[1.5, 0.78125, 0.78125]",157,40,"{'0': 'background', '1': 'Liver', '2': 'Liver tumor'}","{'0': '背景', '1': '肝', '2': '肝肿瘤'}",0.8485,0.8419,0.8475,0.8538,0.8501,0.8529,0.8532
Task105_DICOM_LIDC_IDRI_Nodules,nnunet_v1,CT,1,"[80, 192, 160]","[1.3750000596046448, 0.6986093819141388, 0.6986093819141388]",814,204,"{'0': 'background', '1': 'Lymph nodes'}","{'0': '背景', '1': '淋巴结'}",0.4999,0.5555,0.5601,0.5545,0.6146,0.6198,0.6384
Task106_AIIB2023,nnunet_v1,CT,1,"[128, 128, 128]","[0.7041015625, 0.5, 0.7041015625]",96,24,"{'0': 'background', '1': 'Airway'}","{'0': '背景', '1': '气道'}",0.9353,0.9353,0.9354,0.9362,0.9359,0.9377,0.9391
Task107_HCC-TACE-Seg,nnunet_v1,CT,1,"[40, 224, 224]","[2.5, 0.78125, 0.78125]",179,45,"{'0': 'background', '1': 'Liver', '2': 'Liver tumor', '3': 'Portal vein', '4': 'Aorta'}","{'0': '背景', '1': '肝', '2': '肝肿瘤', '3': '门静脉', '4': '主动脉'}",0.6121,0.6132,0.6193,0.6152,0.623,0.6365,0.6342
Task108_ISBI-MR-Prostate-2013,nnunet_v1,T2 weighted MRI,1,"[24, 256, 256]","[3.0, 0.5, 0.5]",63,16,"{'0': 'background', '1': 'Prostate', '2': 'Prostate peripheral zone'}","{'0': '背景', '1': '前列腺', '2': '前列腺外周带'}",0.8463,0.8255,0.8219,0.8205,0.8315,0.8305,0.8433
Task109_SMILE-UHURA2023,nnunet_v1,TOF MRI,1,"[224, 64, 160]","[0.30000001192092896, 0.29999256134033203, 0.30000001192092896]",9,3,"{'0': 'background', '1': 'Cerebral artery'}","{'0': '背景', '1': '脑动脉'}",0.8271,0.8363,0.8333,0.8242,0.8385,0.8366,0.829
Task110_ISPY1-Tumor-SEG-Radiomics,nnunet_v1,"DCE MRI,DCE MRI,DCE MRI",3,"[96, 160, 160]","[1.0, 1.0, 1.0]",128,33,"{'0': 'background', '1': 'Breast tumor'}","{'0': '背景', '1': '乳腺肿瘤'}",0.7161,0.7202,0.7383,0.7275,0.7342,0.72,0.7339
Task111_LUAD-CT-Survival,nnunet_v1,CT,1,"[40, 224, 192]","[3.6750000000000003, 0.7119140625, 0.7119140625]",32,8,"{'0': 'background', '1': 'Lung adenocarcinoma'}","{'0': '背景', '1': '肺腺癌'}",0.6899,0.5832,0.6717,0.6512,0.7236,0.74,0.7389
Task112_PROSTATEx-Seg-HiRes,nnunet_v1,T2 weighted MRI,1,"[16, 320, 320]","[3.0, 0.5, 0.5]",52,14,"{'0': 'background', '1': 'Prostate'}","{'0': '背景', '1': '前列腺'}",0.9387,0.9378,0.9379,0.9335,0.9387,0.9383,0.9401
Task113_PROSTATEx-Seg-Zones,nnunet_v1,T2 weighted MRI,1,"[16, 320, 320]","[3.0, 0.5, 0.5]",78,20,"{'0': 'background', '1': 'Prostate peripheral zone', '2': 'Prostate transition zone', '3': 'Prostatic urethra', '4': 'Prostate anterior fibromuscular stroma'}","{'0': '背景', '1': '前列腺外周带', '2': '前列腺移行带', '3': '前列腺尿道', '4': '前列腺前纤维肌肉组织'}",0.7535,0.7446,0.7447,0.7438,0.7502,0.7522,0.7587
Task114_Prostate-Anatomical-Edge-Cases,nnunet_v1,CT,1,"[56, 192, 160]","[2.0, 0.9765625, 0.9765625]",104,27,"{'0': 'background', '1': 'Prostate', '2': 'Rectum', '3': 'Bladder', '4': 'Left femoral head', '5': 'Right femoral head'}","{'0': '背景', '1': '前列腺', '2': '直肠', '3': '膀胱', '4': '左股骨头', '5': '右股骨头'}",0.6493,0.7269,0.7922,0.7347,0.7452,0.8152,0.8002
Task115_QIBA-VolCT-1B,nnunet_v1,CT,1,"[80, 192, 160]","[1.25, 0.703125, 0.703125]",119,30,"{'0': 'background', '1': 'Lung tumor'}","{'0': '背景', '1': '肺肿瘤'}",0.6217,0.6719,0.6422,0.6237,0.8029,0.7814,0.7767
Task116_ISPY1,nnunet_v1,MRI,1,"[96, 160, 160]","[0.8243237137794495, 0.78125, 0.78125]",656,165,"{'0': 'background', '1': 'Breast tissue', '2': 'Breast tumor'}","{'0': '背景', '1': '乳腺组织', '2': '乳腺肿瘤'}",0.3068,0.3145,0.324,0.3295,0.3206,0.3349,0.3263
Task166_LongitudinalMultipleSclerosisLesionSegmentation,nnunet_v1,"FLAIR MRI,T1Gd MRI,PD MRI,T2 MRI",4,"[128, 160, 112]","[1.0, 1.0, 1.0]",16,5,"{'0': 'background', '1': 'Lesion'}","{'0': '背景', '1': '病灶'}",0.8045,0.8046,0.8012,0.8033,0.81,0.8084,0.8008
Task502_WMH,nnunet_v1,"FLAIR MRI,T1 MRI",2,"[40, 224, 192]","[3.0, 0.976599931716919, 1.0]",48,12,"{'0': 'background', '1': 'White matter hyperintensity', '2': 'Other pathology'}","{'0': '背景', '1': '白质高信号', '2': '其他病理'}",0.5604,0.4739,0.4959,0.4946,0.4927,0.5208,0.5707
Task503_BraTs2015,nnunet_v1,"FLAIR MRI,T1 MRI,T1 weighted MRI,T2 MRI",4,"[128, 128, 128]","[1.0, 1.0, 1.0]",219,55,"{'0': 'background', '1': 'Necrosis', '2': 'Edema', '3': 'Non-enhancing tumor', '4': 'Enhancing tumor'}","{'0': '背景', '1': '坏疽', '2': '水肿', '3': '非强化肿瘤', '4': '强化肿瘤'}",0.6034,0.6175,0.6144,0.6175,0.6143,0.6185,0.6177
Task504_ATLAS,nnunet_v1,T1 weighted MRI,1,"[128, 128, 128]","[1.0, 1.0, 1.0]",524,131,"{'0': 'background', '1': 'Brain lesion'}","{'0': '背景', '1': '脑病灶'}",0.6507,0.6505,0.654,0.6684,0.6535,0.6612,0.6706
Task507_Myops2020,nnunet_v1,"MRI,DE MRI,T2 MRI",3,"[6, 512, 512]","[11.999998855590821, 0.7290666699409485, 0.7290666699409485]",20,5,"{'0': 'background', '1': 'Left ventricle', '2': 'Right ventricle', '3': 'Left ventricular myocardium', '4': 'Left ventricular myocardial edema', '5': 'Left ventricular myocardial scars'}","{'0': '背景', '1': '左心室', '2': '右心室血池', '3': '左心室心肌', '4': '左心室心肌水肿', '5': '左心室心肌疤痕'}",0.732,0.7124,0.7155,0.7059,0.7217,0.7308,0.7286
Task511_ATLAS2023,nnunet_v1,T1 weighted MRI,1,"[40, 192, 224]","[2.9999969005584717, 1.0416666269302368, 1.0416666269302368]",48,12,"{'0': 'background', '1': 'Liver', '2': 'Liver tumor'}","{'0': '背景', '1': '肝', '2': '肝肿瘤'}",0.7596,0.7572,0.7674,0.7652,0.7612,0.783,0.8003
Task525_CMRxMotions,nnunet_v1,CMR MRI,1,"[10, 448, 384]","[9.600000381469727, 0.6640620231628418, 0.6640621423721313]",111,28,"{'0': 'background', '1': 'Left ventricle', '2': 'Myocardium', '3': 'Right ventricle'}","{'0': '背景', '1': '左心室', '2': '心肌', '3': '右心室'}",0.9022,0.9007,0.9012,0.9006,0.9031,0.904,0.903
Task556_FeTA2022_all,nnunet_v1,T2 weighted MRI,1,"[128, 128, 128]","[0.5038999915122986, 0.5038999915122986, 0.5038999915122986]",96,24,"{'0': 'background', '1': 'External cerebrospinal fluid', '2': 'Gray matter', '3': 'White matter', '4': 'Cerebral ventricle', '5': 'Cerebellum', '6': 'Deep gray matter', '7': 'Bain stem'}","{'0': '背景', '1': '外脑脊液', '2': '灰质', '3': '白质', '4': '脑室', '5': '小脑', '6': '深部灰质', '7': '脑干'}",0.8542,0.851,0.8503,0.8502,0.854,0.8516,0.8507
Task559_WORD,nnunet_v1,CT,1,"[64, 160, 160]","[3.0, 0.9765625, 0.9765625]",96,24,"{'0': 'background', '1': 'Liver', '10': 'Colon', '11': 'Intestine', '12': 'Adrenal gland', '13': 'Rectum', '14': 'Bladder', '15': 'Left femoral head', '16': 'Right femoral head', '2': 'Spleen', '3': 'Left kidney', '4': 'Right kidney', '5': 'Stomach', '6': 'Gallbladder', '7': 'Esophagus', '8': 'Pancreas', '9': 'Duodenum'}","{'0': '背景', '1': '肝', '10': '结肠', '11': '肠', '12': '肾上腺', '13': '直肠', '14': '膀胱', '15': '左股骨头', '16': '右股骨头', '2': '脾脏', '3': '左肾', '4': '右肾', '5': '胃', '6': '胆囊', '7': '食管', '8': '胰腺', '9': '十二指肠'}",0.8304,0.8475,0.8454,0.8449,0.8505,0.8601,0.8606
Task601_CTSpine1K_Full,nnunet_v1,CT,1,"[128, 128, 128]","[0.800000011920929, 0.7578125, 0.7578125]",804,201,"{'0': 'background', '1': 'Vertebrae C1', '2': 'Vertebrae C2', '3': 'Vertebrae C3', '4': 'Vertebrae C4', '5': 'Vertebrae C5', '6': 'Vertebrae C6', '7': 'Vertebrae C7', '8': 'Vertebrae T1', '9': 'Vertebrae T13', '10': 'Vertebrae T2', '11': 'Vertebrae T3', '12': 'Vertebrae T4', '13': 'Vertebrae T5', '14': 'Vertebrae T6', '15': 'Vertebrae T7', '16': 'Vertebrae T8', '17': 'Vertebrae T10', '18': 'Vertebrae T11', '19': 'Vertebrae T12', '20': 'Vertebrae L1', '21': 'Vertebrae L2', '22': 'Vertebrae L3', '23': 'Vertebrae L4', '24': 'Vertebrae L5', '25': 'Vertebrae L6'}","{'0': '背景', '1': '颈椎C1', '2': '颈椎C2', '3': '颈椎C3', '4': '颈椎C4', '5': '颈椎C5', '6': '颈椎C6', '7': '颈椎C7', '8': '胸椎T1', '9': '胸椎T13', '10': '胸椎T2', '11': '胸椎T3', '12': '胸椎T4', '13': '胸椎T5', '14': '胸椎T6', '15': '胸椎T7', '16': '胸椎T8', '17': '胸椎T10', '18': '胸椎T11', '19': '胸椎T12', '20': '腰椎L1', '21': '腰椎L2', '22': '腰椎L3', '23': '腰椎L4', '24': '腰椎L5', '25': '腰椎L6'}",0.6058,0.644,0.6619,0.6591,0.6673,0.682,0.6857
Task603_MMWHS,nnunet_v1,CT,1,"[80, 192, 160]","[0.762499988079071, 0.6835939884185791, 0.6835939884185791]",32,8,"{'0': 'background', '1': 'Left ventricular myocardium', '2': 'Left atrium', '3': 'Left ventricle', '4': 'Right atrium', '5': 'Right ventricle', '6': 'Ascending aorta', '7': 'Pulmonary artery'}","{'0': '背景', '1': '左心室心肌', '2': '左心房', '3': '左心室', '4': '右心房', '5': '右心室', '6': '升主动脉', '7': '肺动脉'}",0.9003,0.8969,0.8966,0.8951,0.8951,0.8999,0.8952
Task605_SegThor,nnunet_v1,CT,1,"[64, 192, 160]","[2.5, 0.9765620231628418, 0.9765620231628418]",32,8,"{'0': 'background', '1': 'Esophagus', '2': 'Heart', '3': 'Trachea', '4': 'Aorta'}","{'0': '背景', '1': '食管', '2': '心脏', '3': '气管', '4': '主动脉'}",0.9088,0.9065,0.9098,0.9097,0.9089,0.9131,0.9149
Task606_orCaScore,nnunet_v1,CT,1,"[28, 256, 256]","[2.5, 0.42899999022483826, 0.42899999022483826]",25,7,"{'0': 'background', '1': 'Left anterior descending artery', '2': 'Left circumflex artery', '3': 'Right coronary artery'}","{'0': '背景', '1': '左前降支动脉', '2': '左回旋支动脉', '3': '右冠状动脉'}",0.047,0.0241,0.036,0.0477,0.2576,0.378,0.3576
Task611_PROMISE12,nnunet_v1,MRI,1,"[28, 256, 256]","[2.2000471115112306, 0.612500011920929, 0.612500011920929]",40,10,"{'0': 'background', '1': 'Prostate'}","{'0': '背景', '1': '前列腺'}",0.9012,0.9035,0.8615,0.9008,0.9065,0.9101,0.9098
Task612_CTPelvic1k,nnunet_v1,CT,1,"[128, 128, 128]","[0.800000011920929, 0.78125, 0.78125]",884,222,"{'0': 'background', '1': 'Sacrum', '2': 'Right hip', '3': 'Left hip', '4': 'Lumbar vertebra'}","{'0': '背景', '1': '骶骨', '2': '右髋', '3': '左髋', '4': '腰椎'}",0.6524,0.7078,0.7013,0.7015,0.8808,0.8939,0.8954
Task613_COVID-19-20,nnunet_v1,CT,1,"[28, 256, 256]","[5.0, 0.7429999709129333, 0.7429999709129333]",159,40,"{'0': 'background', '1': 'COVID-19 lesion'}","{'0': '背景', '1': 'COVID-19病变'}",0.7263,0.7418,0.7382,0.7368,0.7426,0.7361,0.734
Task614_LUNA16,nnunet_v1,CT,1,"[80, 192, 160]","[1.0, 1.0, 1.0]",710,178,"{'0': 'background', '1': 'Lung'}","{'0': '背景', '1': '肺\n   '}",0.9871,0.9872,0.9875,0.9866,0.9876,0.9881,0.988
Task615_Chest_CT_Scans_with_COVID-19,nnunet_v1,CT,1,"[24, 256, 256]","[8.0, 0.7064999938011169, 0.7064999938011169]",40,10,"{'0': 'background', '1': 'COVID-19 lesion'}","{'0': '背景', '1': 'COVID-19病变'}",0.5568,0.5971,0.6037,0.5686,0.5975,0.6324,0.6249
Task616_LNDb,nnunet_v1,CT,1,"[96, 160, 160]","[1.0, 0.6435546875, 0.6435546875]",188,48,"{'0': 'background', '1': 'Lung nodule'}","{'0': '背景', '1': '肺结节\n   '}",0.3587,0.3175,0.3509,0.3738,0.3667,0.4053,0.3822
Task628_StructSeg2019_subtask1,nnunet_v1,CT,1,"[48, 192, 192]","[3.0, 1.140625, 1.140625]",40,10,"{'0': 'background', '1': 'Left eye', '10': 'Left temporal lobe', '11': 'Right temporal lobe', '12': 'Spinal cord', '13': 'Left parotid gland', '14': 'Right parotid gland', '15': 'Left inner ear', '16': 'Right inner ear', '17': 'Left middle ear', '18': 'Right middle ear', '19': 'Left temporomandibular joint', '2': 'Right eye', '20': 'Right temporomandibular joint', '21': 'Left mandible', '22': 'Right mandible', '3': 'Left crystalline lens', '4': 'Right crystalline lens', '5': 'Left optic nerve', '6': 'Right optic nerve', '7': 'Optic chiasm', '8': 'Pituitary gland', '9': 'Bain stem'}","{'0': '背景', '1': '左眼', '10': '左颞叶', '11': '右颞叶', '12': '脊髓', '13': '左腮腺', '14': '右腮腺', '15': '左内耳', '16': '右内耳', '17': '左中耳', '18': '右中耳', '19': '左颞下颌关节', '2': '右眼', '20': '右颞下颌关节', '21': '左下颌骨', '22': '右下颌骨', '3': '左晶状体', '4': '右晶状体', '5': '左视神经', '6': '右视神经', '7': '视交叉', '8': '垂体', '9': '脑干'}",0.7499,0.7658,0.7867,0.724,0.7332,0.7936,0.7096
Task629_StructSeg2019_subtask2,nnunet_v1,CT,1,"[40, 224, 192]","[5.0, 1.171875, 1.171875]",40,10,"{'0': 'background', '1': 'Left lung', '2': 'Right lung', '3': 'Spinal cord', '4': 'Esophagus', '5': 'heart ', '6': 'trachea '}","{'0': '背景', '1': '左肺', '2': '右肺', '3': '脊髓', '4': '食管', '5': '背景', '6': '背景'}",0.905,0.9015,0.9012,0.9045,0.9061,0.9074,0.9074
Task630_StructSeg2019_subtask3,nnunet_v1,CT,1,"[40, 224, 192]","[5.0, 1.171875, 1.171875]",40,10,"{'0': 'background', '1': 'Lung cancer'}","{'0': '背景', '1': '肺癌\n   '}",0.577,0.5655,0.5942,0.5019,0.6081,0.6196,0.62
Task631_StructSeg2019_subtask4,nnunet_v1,CT,1,"[48, 192, 192]","[3.0, 1.140625, 1.140625]",40,10,"{'0': 'background', '1': 'Nasopharyngeal cancer'}","{'0': '背景', '1': '鼻咽癌'}",0.6024,0.616,0.5988,0.6019,0.6304,0.6314,0.63
Task666_MESSEG,nnunet_v1,"FLAIR MRI,FLAIR MRI",2,"[112, 128, 160]","[0.9765625, 0.9765625, 0.5300010740756989]",32,8,"{'0': 'background', '1': 'Lesion'}","{'0': '背景', '1': '病灶'}",0.5484,0.5105,0.5619,0.5191,0.5447,0.5886,0.5615
Task700_SEG_A_2023,nnunet_v1,CT,1,"[64, 160, 160]","[2.985045075416565, 0.732421875, 0.732421875]",44,12,"{'0': 'background', '1': 'Aorta'}","{'0': '背景', '1': '主动脉'}",0.9245,0.9139,0.9192,0.9201,0.9258,0.9277,0.9274
Task701_LNQ2023,nnunet_v1,CT,1,"[56, 192, 160]","[2.0, 0.826171875, 0.826171875]",314,79,"{'0': 'background', '1': 'Pulmonary nodule'}","{'0': '背景', '1': '肺结节'}",0.4144,0.4999,0.4811,0.4762,0.509,0.4983,0.5103
Task701_SegRap2023,nnunet_v1,"CT,CT",2,"[28, 256, 224]","[3.0, 0.5419921875, 0.5419921875]",96,24,"{'0': 'background', '1': 'Brain', '2': 'Bain stem', '3': 'Optic chiasm', '4': 'Left cochlea', '5': 'Right cochlea', '6': 'Esophagus', '7': 'Left eustachian tube', '8': 'Right eustachian tube', '9': 'Left eye', '10': 'Right eye', '11': 'Left hippocampus', '12': 'Right hippocampus', '13': 'Left internal auditory canal', '14': 'Right internal auditory canal', '15': 'Larynx', '16': 'Larynx glottis', '17': 'Larynx supraglottic', '18': 'Left crystalline lens', '19': 'Right crystalline lens', '20': 'Left mandible', '21': 'Right mandible', '22': 'Left mastoid', '23': 'Right mastoid', '24': 'Left middle ear', '25': 'Right middle ear', '26': 'Left optic nerve', '27': 'Right optic nerve', '28': 'Oral cavity', '29': 'Left parotid gland', '30': 'Right parotid gland', '31': 'Pharynx', '32': 'Pituitary gland', '33': 'Spinal cord', '34': 'Left submandibular gland', '35': 'Right submandibular gland', '36': 'Right temporal lobe', '37': 'Right temporal lobe', '38': 'Thyroid gland', '39': 'Trachea', '40': 'Left tympanic cavity', '41': 'Left temporomandibular joint', '42': 'Right temporomandibular joint', '43': 'Right tympanic cavity', '44': 'Left vestibular semicircular canal', '45': 'Right vestibular semicircular canal'}","{'0': '背景', '1': '脑', '2': '脑干', '3': '视交叉', '4': '左耳蜗', '5': '右耳蜗', '6': '食管', '7': '左耳咽管', '8': '右耳咽管', '9': '左眼', '10': '右眼', '11': '海马体', '12': '海马体', '13': '左内耳道', '14': '右内耳道', '15': '喉', '16': '声门', '17': '喉上部', '18': '左晶状体', '19': '右晶状体', '20': '左下颌骨', '21': '右下颌骨', '22': '左乳突', '23': '右乳突', '24': '左中耳', '25': '右中耳', '26': '左视神经', '27': '右视神经', '28': '口腔', '29': '左腮腺', '30': '右腮腺', '31': '咽', '32': '垂体', '33': '脊髓', '34': '左颌下腺', '35': '右颌下腺', '36': '右颞叶', '37': '右颞叶', '38': '甲状腺', '39': '气管', '40': '左鼓室', '41': '左颞下颌关节', '42': '右颞下颌关节', '43': '右鼓室', '44': '左前庭半规管', '45': '右前庭半规管'}",0.8161,0.7477,0.8178,0.804,0.8435,0.8406,0.8426
Task702_CAS2023,nnunet_v1,TOF MRI,1,"[48, 224, 224]","[1.0, 1.0, 1.0]",80,20,"{'0': 'background', '1': 'Cerebral artery'}","{'0': '背景', '1': '脑动脉'}",0.867,0.8677,0.8665,0.8654,0.8691,0.87,0.8704
Task702_SegRap2023_Task2,nnunet_v1,"CT,CT",2,"[28, 256, 256]","[3.0, 0.5419921875, 0.5419921875]",96,24,"{'0': 'background', '1': 'GTV nasopharynx', '2': 'GTV lymph node'}","{'0': '背景', '1': '鼻咽部的总体靶区体积', '2': '淋巴结的总体靶区体积'}",0.7451,0.7399,0.7506,0.7406,0.7468,0.757,0.7543
Task703_TDSC-ABUS2023,nnunet_v1,Ultrasound,1,"[80, 160, 192]","[1.0, 1.0, 1.0]",80,20,"{'0': 'background', '1': 'Breast tumor'}","{'0': '背景', '1': '乳腺肿瘤'}",0.4966,0.537,0.5018,0.4938,0.5454,0.5265,0.5278
Task704_ToothFairy2023,nnunet_v1,CT,1,"[80, 160, 192]","[1.0, 1.0, 1.0]",122,31,"{'0': 'background', '1': 'Inferior alveolar nerve'}","{'0': '背景', '1': '下牙槽神经'}",0.8212,0.8205,0.8182,0.8189,0.821,0.8257,0.8226
Task710_autoPET,nnunet_v1,"PET,CT",2,"[128, 128, 128]","[3.0, 2.0364201068878174, 2.0364201068878174]",811,203,"{'0': 'background', '1': 'Lesion'}","{'0': '背景', '1': '病灶'}",0.6898,0.7396,0.7494,0.7219,0.7468,0.7607,0.761
Task711_autoPET_PET_only,nnunet_v1,"PET,CT",2,"[128, 128, 128]","[3.0, 2.0364201068878174, 2.0364201068878174]",400,101,"{'0': 'background', '1': 'Lesion'}","{'0': '背景', '1': '病灶'}",0.7071,0.7225,0.7337,0.7259,0.7508,0.7704,0.7732
Task712_autoPET_CT_only,nnunet_v1,"PET,CT",2,"[128, 128, 128]","[3.0, 2.0364201068878174, 2.0364201068878174]",811,203,"{'0': 'background', '1': 'Lesion'}","{'0': '背景', '1': '病灶'}",0.3694,0.4109,0.4097,0.4372,0.496,0.5188,0.528
Task720_HIE2023,nnunet_v1,"ADC MRI,ZADC MRI",2,"[48, 96, 80]","[2.200000047683716, 1.375, 1.375]",68,17,"{'0': 'background', '1': 'Hypoxic ischemic encephalopathy'}","{'0': '背景', '1': '缺氧缺血性脑病'}",0.4613,0.4938,0.4399,0.4726,0.4602,0.4552,0.4349
Task894_BraTS2023_MET,nnunet_v1,"T1 MRI,T1 weighted MRI,T2 weighted MRI,FLAIR MRI",4,"[128, 160, 112]","[1.0, 1.0, 1.0]",190,48,"{'0': 'background', '1': 'Non-enhancing tumor', '2': 'Edema', '3': 'Enhancing tumor'}","{'0': '背景', '1': '非强化肿瘤', '2': '水肿', '3': '强化肿瘤'}",0.6487,0.6587,0.6644,0.6538,0.6697,0.6672,0.6768
Task895_BraTS2023_SSA,nnunet_v1,"T1 MRI,T1 weighted MRI,T2 weighted MRI,FLAIR MRI",4,"[128, 128, 128]","[1.0, 1.0, 1.0]",34,9,"{'0': 'background', '1': 'Non-enhancing tumor', '2': 'Edema', '3': 'Enhancing tumor'}","{'0': '背景', '1': '非强化肿瘤', '2': '水肿', '3': '强化肿瘤'}",0.798,0.7923,0.7841,0.7807,0.8091,0.8368,0.8098
Task896_BraTS2023_PED,nnunet_v1,"T1 MRI,T1 weighted MRI,T2 weighted MRI,FLAIR MRI",4,"[128, 128, 128]","[1.0, 1.0, 1.0]",79,20,"{'0': 'background', '1': 'Non-enhancing tumor', '2': 'Edema', '3': 'Enhancing tumor'}","{'0': '背景', '1': '非强化肿瘤', '2': '水肿', '3': '强化肿瘤'}",0.4892,0.4745,0.4634,0.4805,0.5088,0.5034,0.5062
Task898_BraTS2023_MEN,nnunet_v1,"T1 MRI,T1 weighted MRI,T2 weighted MRI,FLAIR MRI",4,"[128, 160, 112]","[1.0, 1.0, 1.0]",800,200,"{'0': 'background', '1': 'Non-enhancing tumor', '2': 'Edema', '3': 'Enhancing tumor'}","{'0': '背景', '1': '非强化肿瘤', '2': '水肿', '3': '强化肿瘤'}",0.6034,0.5824,0.6022,0.6027,0.6024,0.612,0.6307
Task899_BraTS2023_GLI,nnunet_v1,"T1 MRI,T1 weighted MRI,T2 weighted MRI,FLAIR MRI",4,"[128, 128, 128]","[1.0, 1.0, 1.0]",1000,251,"{'0': 'background', '1': 'Necrosis', '2': 'Edema', '3': 'Enhancing tumor'}","{'0': '背景', '1': '坏疽', '2': '水肿', '3': '强化肿瘤'}",0.8507,0.8494,0.8514,0.8532,0.8504,0.8551,0.8555
Task966_HaN-Seg,nnunet_v1,CT,1,"[40, 224, 192]","[2.0, 0.63818359375, 0.63818359375]",33,9,"{'0': 'background', '1': 'Left carotid artery', '2': 'Right carotid artery', '3': 'Arytenoids', '4': 'Mandible', '5': 'Bain stem', '6': 'Buccal mucosa', '7': 'Oral cavity', '8': 'Left cochlea', '9': 'Right cochlea', '10': 'Cricopharyngeal inlet', '11': 'Cervical esophagus', '12': 'Left anterior eyeball segment', '13': 'Right anterior eyeball segment', '14': 'Left posterior eyeball segment', '15': 'Right posterior eyeball segment', '16': 'Left lacrimal gland', '17': 'Right lacrimal gland', '18': 'Left submandibular gland', '19': 'Right submandibular gland', '20': 'Thyroid gland', '21': 'Larynx glottis', '22': 'Larynx supraglottic', '23': 'Lips', '24': 'Optic chiasm', '25': 'Left optic nerve', '26': 'Right optic nerve', '27': 'Left parotid gland', '28': 'Right parotid gland', '29': 'Pituitary gland', '30': 'Spinal cord'}","{'0': '背景', '1': '左颈动脉', '2': '右颈动脉', '3': '杓状软骨', '4': '下颌骨', '5': '脑干', '6': '颊粘膜', '7': '口腔', '8': '左耳蜗', '9': '右耳蜗', '10': '喉咽入口', '11': '颈部食管', '12': '左眼前段', '13': '右眼前段', '14': '左眼后段', '15': '右眼后段', '16': '左泪腺', '17': '右泪腺', '18': '左颌下腺', '19': '右颌下腺', '20': '甲状腺', '21': '声门', '22': '喉上部', '23': '唇', '24': '视交叉', '25': '左视神经', '26': '右视神经', '27': '左腮腺', '28': '右腮腺', '29': '垂体', '30': '脊髓'}",0.62,0.611,0.6255,0.6684,0.642,0.6603,0.6396
